disease,model,type,term,effect,lo95,hi95,p.value,cases,n,names,class,p_val,sig
p130896,Model1,Prevalent,Dysregulation,1.14503535708076,1.02200606574024,1.2774275130491,0.0172750781117932,288,52242,Recurrent depression,1. Neuro-psychiatric,0.117784623489499,""
p130896,Model2,Prevalent,Dysregulation,1.11841056641,0.997761313867163,1.2483575057855,0.0501570014709475,288,52242,Recurrent depression,1. Neuro-psychiatric,0.246673777725972,""
p130896,Model1,Incident,Dysregulation,1.17284224113113,0.988654443967161,1.39134449956225,0.0673908740089542,116,51806,Recurrent depression,1. Neuro-psychiatric,0.287826192364314,""
p130896,Model2,Incident,Dysregulation,1.15884054434283,0.97709247715647,1.37439540126326,0.0903191120427609,116,51806,Recurrent depression,1. Neuro-psychiatric,0.337186146832527,""
p130894,Model1,Prevalent,Dysregulation,1.0702804326555,1.03789245888298,1.10340513511914,1.3612272092285e-05,4542,52242,Depressive episode,1. Neuro-psychiatric,0.0008167363255371,*
p130894,Model2,Prevalent,Dysregulation,1.05486801005255,1.0226045982783,1.08788038770652,0.000714271785180146,4542,52242,Depressive episode,1. Neuro-psychiatric,0.0119045297530024,*
p130894,Model1,Incident,Dysregulation,1.04728351143677,1.00422913720002,1.09218375836557,0.0310056408522096,2250,47467,Depressive episode,1. Neuro-psychiatric,0.182386122660056,""
p130894,Model2,Incident,Dysregulation,1.03626930981379,0.993581812902815,1.08079080002946,0.0969225469634205,2250,47467,Depressive episode,1. Neuro-psychiatric,0.342079577517955,""
p130892,Model1,Prevalent,Dysregulation,1.33971124848576,1.18704889386766,1.50489299984977,1.33355700309345e-06,211,52242,Bipolar disorder,1. Neuro-psychiatric,0.000400067100928034,*
p130892,Model2,Prevalent,Dysregulation,1.31618688421012,1.16634964965628,1.47844763566763,5.50478874895049e-06,211,52242,Bipolar disorder,1. Neuro-psychiatric,0.000638811749708045,*
p130892,Model1,Incident,Dysregulation,1.06673596281078,0.861679835952579,1.32058981407621,0.553087614206868,82,51900,Bipolar disorder,1. Neuro-psychiatric,0.800823381820235,""
p130892,Model2,Incident,Dysregulation,1.07097977164239,0.865467643169951,1.32529237842571,0.528157054935877,82,51900,Bipolar disorder,1. Neuro-psychiatric,0.782628409549507,""
p130906,Model1,Prevalent,Dysregulation,1.01833075201337,0.973004839628815,1.06507955317238,0.430938945113157,2058,52242,Anxiety,1. Neuro-psychiatric,0.738496328428164,""
p130906,Model2,Prevalent,Dysregulation,1.01206422252491,0.966880069725809,1.05868216859515,0.604257442301707,2058,52242,Anxiety,1. Neuro-psychiatric,0.818142370345824,""
p130906,Model1,Incident,Dysregulation,1.01028405139744,0.969827127045209,1.05242866078384,0.623655509069088,2461,49960,Anxiety,1. Neuro-psychiatric,0.820599354038274,""
p130906,Model2,Incident,Dysregulation,1.00354848601971,0.963341631331815,1.04543344856812,0.865175545957491,2461,49960,Anxiety,1. Neuro-psychiatric,0.940948706394672,""
p131060,Model1,Prevalent,Dysregulation,1.08005056627467,1.01732118742769,1.14533972380768,0.0108613757479114,1077,52242,Sleep - G47,1. Neuro-psychiatric,0.0958356683639246,""
p131060,Model2,Prevalent,Dysregulation,1.06308390705501,1.00083068908165,1.12792093257496,0.0448341423264727,1077,52242,Sleep - G47,1. Neuro-psychiatric,0.227970215219353,""
p131060,Model1,Incident,Dysregulation,1.05788478970542,1.00063359886197,1.1184116039706,0.0474482761803479,1208,50920,Sleep - G47,1. Neuro-psychiatric,0.237241380901739,""
p131060,Model2,Incident,Dysregulation,1.03298975160656,0.976767505821321,1.09244812154858,0.25565682488217,1208,50920,Sleep - G47,1. Neuro-psychiatric,0.555775706265588,""
p131052,Model1,Prevalent,Dysregulation,0.995168510836452,0.952278414737989,1.03937677311574,0.828252506220849,2304,52242,Migraine,1. Neuro-psychiatric,0.930620793506572,""
p131052,Model2,Prevalent,Dysregulation,0.999771265660617,0.956559375034714,1.0443255285554,0.991849012598775,2304,52242,Migraine,1. Neuro-psychiatric,0.99908843385577,""
p131052,Model1,Incident,Dysregulation,1.01121146575704,0.931797066277819,1.0973941274179,0.789336851088199,608,49763,Migraine,1. Neuro-psychiatric,0.925004122368983,""
p131052,Model2,Incident,Dysregulation,1.00542103354884,0.925963085342942,1.09169735889421,0.897587240036552,608,49763,Migraine,1. Neuro-psychiatric,0.958278192209842,""
p131048,Model1,Prevalent,Dysregulation,1.06390951808599,0.983948172386172,1.14806889257321,0.115368849328808,640,52242,Epilepsy,1. Neuro-psychiatric,0.384059133586029,""
p131048,Model2,Prevalent,Dysregulation,1.06007801461196,0.979753726206113,1.14467879625138,0.141481387428839,640,52242,Epilepsy,1. Neuro-psychiatric,0.437571301326307,""
p131048,Model1,Incident,Dysregulation,1.14067333394891,1.0365026636106,1.25531337300156,0.00706599100655786,394,51458,Epilepsy,1. Neuro-psychiatric,0.0705152414944235,""
p131048,Model2,Incident,Dysregulation,1.13112068007034,1.02711758814064,1.24565483801995,0.0122913220266111,394,51458,Epilepsy,1. Neuro-psychiatric,0.0999498421450002,""
p130842,Model1,Prevalent,Dysregulation,1.11505949428193,0.802852292355682,1.50043977997627,0.493475715449376,41,52242,Dementia,1. Neuro-psychiatric,0.77699250384521,""
p130842,Model2,Prevalent,Dysregulation,1.10793126827513,0.796828940957259,1.49239789362796,0.520699691310627,41,52242,Dementia,1. Neuro-psychiatric,0.778813888122657,""
p130842,Model1,Incident,Dysregulation,1.15288407812415,1.07488058587075,1.23654824085919,6.88728784601654e-05,765,52066,Dementia,1. Neuro-psychiatric,0.00295169479114995,*
p130842,Model2,Incident,Dysregulation,1.14117782986468,1.06321214024298,1.22486076868633,0.000254588810418188,765,52066,Dementia,1. Neuro-psychiatric,0.00545547450896118,*
p130836,Model1,Prevalent,Dysregulation,0.0509550489922855,0.000572370599652159,4.53625154643532,0.984246883794471,1,52242,Alzheimer's disease (dementia),1. Neuro-psychiatric,0.997547517359261,""
p130836,Model2,Prevalent,Dysregulation,2.09316251137393,3.862745459174e-09,9734613.2677524,0.998191527030718,1,52242,Alzheimer's disease (dementia),1. Neuro-psychiatric,0.99908843385577,""
p130836,Model1,Incident,Dysregulation,1.07528641968621,0.982111863114698,1.17730059862495,0.116497937187762,500,52110,Alzheimer's disease (dementia),1. Neuro-psychiatric,0.384059133586029,""
p130836,Model2,Incident,Dysregulation,1.06219076074437,0.969209721343092,1.1640919270261,0.196757093556014,500,52110,Alzheimer's disease (dementia),1. Neuro-psychiatric,0.489563067515944,""
p131022,Model1,Prevalent,Dysregulation,1.04459322819938,0.885930908304541,1.22108023932516,0.593718201261168,153,52242,Parksinson's disease,1. Neuro-psychiatric,0.817043396230965,""
p131022,Model2,Prevalent,Dysregulation,1.05533834812417,0.89409948498406,1.23498169462281,0.512964812084694,153,52242,Parksinson's disease,1. Neuro-psychiatric,0.778813888122657,""
p131022,Model1,Incident,Dysregulation,1.00887704765279,0.936398419703983,1.0869656290133,0.816268882998092,745,51921,Parksinson's disease,1. Neuro-psychiatric,0.928903749333449,""
p131022,Model2,Incident,Dysregulation,1.00087813235051,0.928069110357867,1.07939917904515,0.981827329952547,745,51921,Parksinson's disease,1. Neuro-psychiatric,0.997547517359261,""
p131286,Model1,Prevalent,Dysregulation,1.03946493934454,1.01872625542815,1.06057897045483,0.000164190094851636,14760,52242,Hypertension,2. Cardiometabolic,0.00415933776824083,*
p131286,Model2,Prevalent,Dysregulation,1.0309799328851,1.00961802839711,1.05274965622978,0.00425032834805669,14760,52242,Hypertension,2. Cardiometabolic,0.0490422501698848,*
p131286,Model1,Incident,Dysregulation,1.03076239023834,1.00566939836552,1.05648149069332,0.0159717759390111,6681,36967,Hypertension,2. Cardiometabolic,0.111430994923333,""
p131286,Model2,Incident,Dysregulation,1.02397652952813,0.998989908330811,1.04958811323372,0.0601373055865436,6681,36967,Hypertension,2. Cardiometabolic,0.273351389029743,""
p131298,Model1,Prevalent,Dysregulation,1.00494130117639,0.950970368884002,1.06100156796343,0.859899185915099,1393,52242,Acute Myocardial Infarction,2. Cardiometabolic,0.940948706394672,""
p131298,Model2,Prevalent,Dysregulation,0.982575670178293,0.929202859473362,1.0380534347678,0.533867963408839,1393,52242,Acute Myocardial Infarction,2. Cardiometabolic,0.782628409549507,""
p131298,Model1,Incident,Dysregulation,1.04830831017564,0.994558773688158,1.1049626651103,0.0789533042373371,1388,50666,Acute Myocardial Infarction,2. Cardiometabolic,0.305778376762064,""
p131298,Model2,Incident,Dysregulation,1.03220448637297,0.979192215475259,1.08808677688616,0.238678888452331,1388,50666,Acute Myocardial Infarction,2. Cardiometabolic,0.538373432599243,""
p131380,Model1,Prevalent,Dysregulation,1.28522419463185,1.06393349502137,1.53576838964285,0.00728657495442377,97,52242,Atherosclerosis,2. Cardiometabolic,0.0705152414944235,""
p131380,Model2,Prevalent,Dysregulation,1.27951888272585,1.0571258890724,1.53234860088862,0.00915218624149146,97,52242,Atherosclerosis,2. Cardiometabolic,0.0858017460139824,""
p131380,Model1,Incident,Dysregulation,1.07879318322286,0.97660550859194,1.19167332349586,0.135245475362508,383,52007,Atherosclerosis,2. Cardiometabolic,0.422642110507838,""
p131380,Model2,Incident,Dysregulation,1.03783381823813,0.938725130254844,1.1474061997108,0.468344414576276,383,52007,Atherosclerosis,2. Cardiometabolic,0.767777728813568,""
p131306,Model1,Prevalent,Dysregulation,1.0306915015776,0.983429703695342,1.07955463360721,0.20380252896533,1949,52242,Chronic ischaemic heart disease,2. Cardiometabolic,0.489563067515944,""
p131306,Model2,Prevalent,Dysregulation,1.00771621906797,0.960811541950411,1.05624922211379,0.75033100697529,1949,52242,Chronic ischaemic heart disease,2. Cardiometabolic,0.906019593911068,""
p131306,Model1,Incident,Dysregulation,1.06265778559643,1.03042946612015,1.095894096993,0.000109898167515101,4024,49946,Chronic ischaemic heart disease,2. Cardiometabolic,0.00366327225050338,*
p131306,Model2,Incident,Dysregulation,1.0508739915287,1.01897846755865,1.08376789228659,0.00160218815185075,4024,49946,Chronic ischaemic heart disease,2. Cardiometabolic,0.0249708229833576,*
p130708,Model1,Prevalent,Dysregulation,1.11782913373177,1.06467667492674,1.17284210779422,6.38811749708045e-06,1591,52242,Type 2 Diabetes,2. Cardiometabolic,0.000638811749708045,*
p130708,Model2,Prevalent,Dysregulation,1.09288469956926,1.03929493019185,1.1484727992096,0.00049038308692008,1591,52242,Type 2 Diabetes,2. Cardiometabolic,0.00919468287975151,*
p130708,Model1,Incident,Dysregulation,1.07895759549792,1.04342629118173,1.11569883059415,8.66208580905298e-06,3306,50331,Type 2 Diabetes,2. Cardiometabolic,0.000649656435678973,*
p130708,Model2,Incident,Dysregulation,1.06659680274522,1.03139509065419,1.10299995601565,0.000166373510729633,3306,50331,Type 2 Diabetes,2. Cardiometabolic,0.00415933776824083,*
p130792,Model1,Prevalent,Dysregulation,1.02061773842897,0.969035496625543,1.07403798626277,0.436765453357844,1562,52242,Obesity,2. Cardiometabolic,0.738496328428164,""
p130792,Model2,Prevalent,Dysregulation,0.985707546644212,0.933720385825089,1.03973217024756,0.599732394076822,1562,52242,Obesity,2. Cardiometabolic,0.817816901013848,""
p130792,Model1,Incident,Dysregulation,1.03172403607776,0.999225744758478,1.06527928469044,0.0558080023129155,3854,50350,Obesity,2. Cardiometabolic,0.261600010841792,""
p130792,Model2,Incident,Dysregulation,1.01275602754596,0.980924884702708,1.04562009520386,0.436605834237202,3854,50350,Obesity,2. Cardiometabolic,0.738496328428164,""
p130814,Model1,Prevalent,Dysregulation,1.02706673024246,1.00193648111613,1.05270575012614,0.0341713581035276,8378,52242,Disorders of lipoprotein metabolism,2. Cardiometabolic,0.195809542799353,""
p130814,Model2,Prevalent,Dysregulation,1.0164101620552,0.991140044248816,1.0422054929338,0.204055275395963,8378,52242,Disorders of lipoprotein metabolism,2. Cardiometabolic,0.489563067515944,""
p130814,Model1,Incident,Dysregulation,0.992858510227643,0.965082592896687,1.02143384264416,0.620552504426138,5126,43360,Disorders of lipoprotein metabolism,2. Cardiometabolic,0.820190848776963,""
p130814,Model2,Incident,Dysregulation,0.983463519373025,0.955915383733232,1.01180555350022,0.250012538383894,5126,43360,Disorders of lipoprotein metabolism,2. Cardiometabolic,0.547472711789548,""
p131848,Model1,Prevalent,Dysregulation,0.97492737227414,0.716815985392125,1.28908687851859,0.864986275154628,50,52242,Rheumatoid arthritis,3. Immune,0.940948706394672,""
p131848,Model2,Prevalent,Dysregulation,1.01601894193435,0.744146106746542,1.34827630191674,0.916302487533575,50,52242,Rheumatoid arthritis,3. Immune,0.974789880354867,""
p131848,Model1,Incident,Dysregulation,1.17995607341705,0.981170162054024,1.4190161799041,0.0787457082807338,108,52063,Rheumatoid arthritis,3. Immune,0.305778376762064,""
p131848,Model2,Incident,Dysregulation,1.18784494272157,0.987272314658371,1.42916557772356,0.068118865526221,108,52063,Rheumatoid arthritis,3. Immune,0.287826192364314,""
p131494,Model1,Prevalent,Dysregulation,1.00300158945455,0.976186066553942,1.03035720739142,0.827787098971408,6261,52242,Asthma,3. Immune,0.930620793506572,""
p131494,Model2,Prevalent,Dysregulation,0.999012025039843,0.972133527544539,1.02643852258114,0.943170840259661,6261,52242,Asthma,3. Immune,0.992811410799644,""
p131494,Model1,Incident,Dysregulation,1.04084810591433,0.988288172478932,1.09620332384232,0.12993680542848,1467,45781,Asthma,3. Immune,0.414691932218552,""
p131494,Model2,Incident,Dysregulation,1.02965190338141,0.977423218866859,1.0846714316507,0.271250674121801,1467,45781,Asthma,3. Immune,0.573064804482678,""
p131626,Model1,Prevalent,Dysregulation,1.00143505018133,0.878571780094494,1.13504646523161,0.982481589165569,246,52242,Crohns's disease,3. Immune,0.997547517359261,""
p131626,Model2,Prevalent,Dysregulation,0.998623470124992,0.87597971132709,1.13210884580151,0.983195701627773,246,52242,Crohns's disease,3. Immune,0.997547517359261,""
p131626,Model1,Incident,Dysregulation,1.11011058658145,0.945827844528078,1.30292792876604,0.20111764193075,144,51865,Crohns's disease,3. Immune,0.489563067515944,""
p131626,Model2,Incident,Dysregulation,1.0575183864502,0.896010794927152,1.24813801799247,0.508361122349887,144,51865,Crohns's disease,3. Immune,0.778813888122657,""
p131628,Model1,Prevalent,Dysregulation,1.02823547031941,0.936004235274384,1.12629355667739,0.555237544728696,471,52242,Ulcerative colitis,3. Immune,0.800823381820235,""
p131628,Model2,Prevalent,Dysregulation,1.01102346301683,0.918735605488475,1.1092953839347,0.819593658092505,471,52242,Ulcerative colitis,3. Immune,0.928903749333449,""
p131628,Model1,Incident,Dysregulation,1.06776047046743,0.939669259498756,1.21331246155801,0.31462462157878,234,51628,Ulcerative colitis,3. Immune,0.61691102270349,""
p131628,Model2,Incident,Dysregulation,1.06808922721431,0.939746950248716,1.21395935042867,0.313209681685245,234,51628,Ulcerative colitis,3. Immune,0.61691102270349,""
p131742,Model1,Prevalent,Dysregulation,1.00503945883944,0.948014320526415,1.06431714175858,0.864773727237832,1234,52242,Psoriasis,3. Immune,0.940948706394672,""
p131742,Model2,Prevalent,Dysregulation,1.00146267038248,0.944519600680686,1.06067538726618,0.960597603862374,1234,52242,Psoriasis,3. Immune,0.997160142417689,""
p131742,Model1,Incident,Dysregulation,1.01883726448408,0.92932235362971,1.11697450023353,0.690821048249796,467,50835,Psoriasis,3. Immune,0.859943213588957,""
p131742,Model2,Incident,Dysregulation,1.01278274668384,0.923900675323011,1.1102155452174,0.78636645947918,467,50835,Psoriasis,3. Immune,0.925004122368983,""
date_breast,Model1,Prevalent,Dysregulation,0.999179339034357,0.92731843440148,1.07480923663286,0.982601414509366,858,28207,Breast cancer,4. Cancer,0.997547517359261,""
date_breast,Model2,Prevalent,Dysregulation,1.00300112725759,0.930662076742065,1.07917992972127,0.936753399140134,858,28207,Breast cancer,4. Cancer,0.98952823852831,""
date_breast,Model1,Incident,Dysregulation,0.922540669824094,0.858009728530389,0.991924985439539,0.0293241256156248,911,27238,Breast cancer,4. Cancer,0.179535462952805,""
date_breast,Model2,Incident,Dysregulation,0.917361661572809,0.852782929146332,0.986830750664826,0.0205633218378566,911,27238,Breast cancer,4. Cancer,0.131255245773553,""
date_lung,Model1,Prevalent,Dysregulation,0.917549006525316,0.65717517162593,1.23819798880725,0.593250807437921,44,52242,Lung cancer,4. Cancer,0.817043396230965,""
date_lung,Model2,Prevalent,Dysregulation,0.916807303554496,0.656037113432235,1.23858087050644,0.591000455648409,44,52242,Lung cancer,4. Cancer,0.817043396230965,""
date_lung,Model1,Incident,Dysregulation,1.09658827706848,1.00449405871507,1.19712589534103,0.0393840261117767,509,52056,Lung cancer,4. Cancer,0.218800145065426,""
date_lung,Model2,Incident,Dysregulation,1.04062484904814,0.952931217754297,1.13638849927538,0.375309264261794,509,52056,Lung cancer,4. Cancer,0.693233167707211,""
date_melanoma,Model1,Prevalent,Dysregulation,0.846380003375708,0.718399713225023,0.988691656694306,0.0405118822062498,196,52242,Melanoma,4. Cancer,0.220973902943181,""
date_melanoma,Model2,Prevalent,Dysregulation,0.854052670311312,0.724541443600048,0.998228393026517,0.0534722862115753,196,52242,Melanoma,4. Cancer,0.256005367746114,""
date_melanoma,Model1,Incident,Dysregulation,0.923704322815666,0.824319871558155,1.0350710997365,0.171793612036476,349,51900,Melanoma,4. Cancer,0.452088452727568,""
date_melanoma,Model2,Incident,Dysregulation,0.922847787988471,0.823445030337843,1.03425002084936,0.167337598625226,349,51900,Melanoma,4. Cancer,0.448225710603285,""
p130896,Model1,Prevalent,Acceleration,1.04104511637068,0.967997860433445,1.11980031849146,0.279096130183707,288,52242,Recurrent depression,1. Neuro-psychiatric,0.577440269345601,""
p130896,Model2,Prevalent,Acceleration,1.04200816371528,0.96949953922931,1.1201020707527,0.263958489211646,288,52242,Recurrent depression,1. Neuro-psychiatric,0.56883735068926,""
p130896,Model1,Incident,Acceleration,1.0505438175505,0.937834833491072,1.17679816656552,0.394464257759458,116,51806,Recurrent depression,1. Neuro-psychiatric,0.696113396046103,""
p130896,Model2,Incident,Acceleration,1.0522638113018,0.940369492352767,1.17747240587853,0.374475674871871,116,51806,Recurrent depression,1. Neuro-psychiatric,0.693233167707211,""
p130894,Model1,Prevalent,Acceleration,0.990965707993564,0.97219016041142,1.01011232511374,0.352522602455982,4542,52242,Depressive episode,1. Neuro-psychiatric,0.665136985766004,""
p130894,Model2,Prevalent,Acceleration,0.992971074316407,0.974091027149139,1.01222383564241,0.471478394959116,4542,52242,Depressive episode,1. Neuro-psychiatric,0.768714774389863,""
p130894,Model1,Incident,Acceleration,0.991143016653076,0.965561057696763,1.01740275421161,0.504894652548215,2250,47467,Depressive episode,1. Neuro-psychiatric,0.778813888122657,""
p130894,Model2,Incident,Acceleration,0.991456308038554,0.965963068709586,1.01762235285309,0.518541965799264,2250,47467,Depressive episode,1. Neuro-psychiatric,0.778813888122657,""
p130892,Model1,Prevalent,Acceleration,0.97710226740616,0.898777264588348,1.0625070164879,0.587438591973706,211,52242,Bipolar disorder,1. Neuro-psychiatric,0.817043396230965,""
p130892,Model2,Prevalent,Acceleration,0.978769458197046,0.901167137849675,1.06323046700372,0.61100454976361,211,52242,Bipolar disorder,1. Neuro-psychiatric,0.818142370345824,""
p130892,Model1,Incident,Acceleration,1.01145595214885,0.884111778463185,1.15714230718161,0.868225826930143,82,51900,Bipolar disorder,1. Neuro-psychiatric,0.940948706394672,""
p130892,Model2,Incident,Acceleration,1.01273611516416,0.885221421598827,1.15861909114825,0.853761394537724,82,51900,Bipolar disorder,1. Neuro-psychiatric,0.940948706394672,""
p130906,Model1,Prevalent,Acceleration,0.981050724696144,0.954244865346044,1.00863122220604,0.176067491401713,2058,52242,Anxiety,1. Neuro-psychiatric,0.459306499308815,""
p130906,Model2,Prevalent,Acceleration,0.981551025225074,0.954735330737086,1.00913622594737,0.187762310479858,2058,52242,Anxiety,1. Neuro-psychiatric,0.481441821743225,""
p130906,Model1,Incident,Acceleration,1.01634550281602,0.991242883658091,1.0420838304355,0.203855273386366,2461,49960,Anxiety,1. Neuro-psychiatric,0.489563067515944,""
p130906,Model2,Incident,Acceleration,1.01802638990495,0.992980710472179,1.04370378962357,0.159806258290532,2461,49960,Anxiety,1. Neuro-psychiatric,0.4444853624592,""
p131060,Model1,Prevalent,Acceleration,1.00972574333744,0.972658405983435,1.04824596626749,0.612189250479172,1077,52242,Sleep - G47,1. Neuro-psychiatric,0.818142370345824,""
p131060,Model2,Prevalent,Acceleration,1.01246649092306,0.975316734871507,1.05105743157825,0.516093421613268,1077,52242,Sleep - G47,1. Neuro-psychiatric,0.778813888122657,""
p131060,Model1,Incident,Acceleration,1.00058441080469,0.966364715924755,1.03601585058629,0.973749092519944,1208,50920,Sleep - G47,1. Neuro-psychiatric,0.997547517359261,""
p131060,Model2,Incident,Acceleration,1.00506370105449,0.971010970982883,1.04031063846256,0.773952663055551,1208,50920,Sleep - G47,1. Neuro-psychiatric,0.921176621155815,""
p131052,Model1,Prevalent,Acceleration,0.992191130082531,0.966211839275649,1.01888978023677,0.562656883527726,2304,52242,Migraine,1. Neuro-psychiatric,0.807399219257016,""
p131052,Model2,Prevalent,Acceleration,0.990332613770692,0.964276206422997,1.01711040952523,0.475302525038372,2304,52242,Migraine,1. Neuro-psychiatric,0.770760851413577,""
p131052,Model1,Incident,Acceleration,1.02621053532642,0.976071250785359,1.07892539808708,0.311382751473052,608,49763,Migraine,1. Neuro-psychiatric,0.61691102270349,""
p131052,Model2,Incident,Acceleration,1.02895541228145,0.978538696371172,1.08196972116644,0.265457430321655,608,49763,Migraine,1. Neuro-psychiatric,0.56883735068926,""
p131048,Model1,Prevalent,Acceleration,0.957357310953347,0.912280684216098,1.00472797596062,0.0767677162889275,640,52242,Epilepsy,1. Neuro-psychiatric,0.305778376762064,""
p131048,Model2,Prevalent,Acceleration,0.962460184535837,0.916827190899044,1.0104113994596,0.122787868876873,640,52242,Epilepsy,1. Neuro-psychiatric,0.397591837850033,""
p131048,Model1,Incident,Acceleration,0.953500427297627,0.89604044959919,1.01464511480864,0.133227225848077,394,51458,Epilepsy,1. Neuro-psychiatric,0.420717555309716,""
p131048,Model2,Incident,Acceleration,0.960887535060494,0.902916138513899,1.02258096366988,0.208880242140136,394,51458,Epilepsy,1. Neuro-psychiatric,0.489563067515944,""
p130842,Model1,Prevalent,Acceleration,0.782289162038443,0.64371809378278,0.952572222521645,0.0140523233091424,41,52242,Dementia,1. Neuro-psychiatric,0.108094794685711,""
p130842,Model2,Prevalent,Acceleration,0.784408210061107,0.645927751032622,0.954391004991906,0.0147407015886944,41,52242,Dementia,1. Neuro-psychiatric,0.110555261915208,""
p130842,Model1,Incident,Acceleration,0.996461047547947,0.951717219899449,1.04330845183747,0.879782292025029,765,52066,Dementia,1. Neuro-psychiatric,0.942623884312531,""
p130842,Model2,Incident,Acceleration,1.00707413913944,0.961688064647987,1.05460217195757,0.764475994092732,765,52066,Dementia,1. Neuro-psychiatric,0.917371192911278,""
p130836,Model1,Prevalent,Acceleration,100.655750367273,14.4164108230442,677.205635359696,0.950069446465507,1,52242,Alzheimer's disease (dementia),1. Neuro-psychiatric,0.993213860080154,""
p130836,Model2,Prevalent,Acceleration,630.019666042237,5.30552994723184e-11,7481340856573070,0.980302337281726,1,52242,Alzheimer's disease (dementia),1. Neuro-psychiatric,0.997547517359261,""
p130836,Model1,Incident,Acceleration,1.02623154987391,0.968979812836369,1.08686598008049,0.376656687787585,500,52110,Alzheimer's disease (dementia),1. Neuro-psychiatric,0.693233167707211,""
p130836,Model2,Incident,Acceleration,1.03713006970052,0.979146299468623,1.09854756338326,0.214230818114901,500,52110,Alzheimer's disease (dementia),1. Neuro-psychiatric,0.498211204918374,""
p131022,Model1,Prevalent,Acceleration,0.978716642204659,0.885968666827645,1.08155944317086,0.6724938595729,153,52242,Parksinson's disease,1. Neuro-psychiatric,0.851766782291172,""
p131022,Model2,Prevalent,Acceleration,0.978436093648134,0.884612935389681,1.08256459836987,0.672183098132473,153,52242,Parksinson's disease,1. Neuro-psychiatric,0.851766782291172,""
p131022,Model1,Incident,Acceleration,1.01238741229634,0.967213714357986,1.05967094692862,0.597072770284764,745,51921,Parksinson's disease,1. Neuro-psychiatric,0.817816901013848,""
p131022,Model2,Incident,Acceleration,1.00978596054009,0.964369351774316,1.05734144726583,0.678318801054238,745,51921,Parksinson's disease,1. Neuro-psychiatric,0.851766782291172,""
p131286,Model1,Prevalent,Acceleration,0.995649346616347,0.98344560307533,1.00800551020948,0.488364028606458,14760,52242,Hypertension,2. Cardiometabolic,0.77699250384521,""
p131286,Model2,Prevalent,Acceleration,0.994610155116111,0.981984421309218,1.00739898392648,0.407032325276024,14760,52242,Hypertension,2. Cardiometabolic,0.713193032427016,""
p131286,Model1,Incident,Acceleration,0.99675487754901,0.981725686182631,1.012014150084,0.674984362164641,6681,36967,Hypertension,2. Cardiometabolic,0.851766782291172,""
p131286,Model2,Incident,Acceleration,0.997778423095073,0.982756311495093,1.01303015808621,0.773847252837534,6681,36967,Hypertension,2. Cardiometabolic,0.921176621155815,""
p131298,Model1,Prevalent,Acceleration,0.977937439888056,0.945830112762344,1.01115857943463,0.190387683254865,1393,52242,Acute Myocardial Infarction,2. Cardiometabolic,0.484036482851353,""
p131298,Model2,Prevalent,Acceleration,0.980287564938346,0.94806786369652,1.01361396460829,0.243012997965084,1393,52242,Acute Myocardial Infarction,2. Cardiometabolic,0.540028884366853,""
p131298,Model1,Incident,Acceleration,0.977107703949168,0.94555606120296,1.00971217285855,0.166716891886284,1388,50666,Acute Myocardial Infarction,2. Cardiometabolic,0.448225710603285,""
p131298,Model2,Incident,Acceleration,0.982087595582287,0.950598988216629,1.01461926359299,0.277002565415503,1388,50666,Acute Myocardial Infarction,2. Cardiometabolic,0.577440269345601,""
p131380,Model1,Prevalent,Acceleration,0.828654388440787,0.731021014123883,0.939859519513266,0.00336995353933439,97,52242,Atherosclerosis,2. Cardiometabolic,0.0404394424720126,*
p131380,Model2,Prevalent,Acceleration,0.836423823699843,0.737487605076638,0.948946312301483,0.00547446266672597,97,52242,Atherosclerosis,2. Cardiometabolic,0.0586549571434925,""
p131380,Model1,Incident,Acceleration,0.960287736015068,0.901767947822859,1.02260513712791,0.206530799102295,383,52007,Atherosclerosis,2. Cardiometabolic,0.489563067515944,""
p131380,Model2,Incident,Acceleration,0.979540232004948,0.920455830423425,1.04241728326597,0.514892860802835,383,52007,Atherosclerosis,2. Cardiometabolic,0.778813888122657,""
p131306,Model1,Prevalent,Acceleration,0.942419514375137,0.915716721563281,0.969906003899203,5.26227244188595e-05,1949,52242,Chronic ischaemic heart disease,2. Cardiometabolic,0.00263113622094297,*
p131306,Model2,Prevalent,Acceleration,0.945441360826711,0.918501810476401,0.973166649481545,0.000142214942975855,1949,52242,Chronic ischaemic heart disease,2. Cardiometabolic,0.00415933776824083,*
p131306,Model1,Incident,Acceleration,0.98982951406355,0.970858241541528,1.00917149897767,0.300517795352169,4024,49946,Chronic ischaemic heart disease,2. Cardiometabolic,0.605069386615106,""
p131306,Model2,Incident,Acceleration,0.993920019022078,0.974963103085554,1.0132455280476,0.53479607985883,4024,49946,Chronic ischaemic heart disease,2. Cardiometabolic,0.782628409549507,""
p130708,Model1,Prevalent,Acceleration,0.97083677224253,0.941208503010644,1.00141108186804,0.0613060174781388,1591,52242,Type 2 Diabetes,2. Cardiometabolic,0.274504555872263,""
p130708,Model2,Prevalent,Acceleration,0.971444643908985,0.941242196610473,1.00261537756349,0.0721880100881512,1591,52242,Type 2 Diabetes,2. Cardiometabolic,0.300783375367297,""
p130708,Model1,Incident,Acceleration,0.978557395385321,0.958098692485683,0.999452961968855,0.0443547294795924,3306,50331,Type 2 Diabetes,2. Cardiometabolic,0.227970215219353,""
p130708,Model2,Incident,Acceleration,0.980950246196859,0.960518559532709,1.00181654582689,0.07329868457434,3306,50331,Type 2 Diabetes,2. Cardiometabolic,0.301227470853452,""
p130792,Model1,Prevalent,Acceleration,1.01617651126851,0.984590185976914,1.0488065822637,0.319449094018816,1562,52242,Obesity,2. Cardiometabolic,0.622303429906784,""
p130792,Model2,Prevalent,Acceleration,1.01811137330465,0.985573927253622,1.05174427375216,0.278886188297711,1562,52242,Obesity,2. Cardiometabolic,0.577440269345601,""
p130792,Model1,Incident,Acceleration,0.997363576127307,0.977840454878308,1.0172764872049,0.793528905448048,3854,50350,Obesity,2. Cardiometabolic,0.926298333207838,""
p130792,Model2,Incident,Acceleration,0.996803813287593,0.977503344122641,1.01648536361429,0.74828140986916,3854,50350,Obesity,2. Cardiometabolic,0.906019593911068,""
p130814,Model1,Prevalent,Acceleration,0.971932697512716,0.957301636419891,0.986786075815433,0.000234256131189433,8378,52242,Disorders of lipoprotein metabolism,2. Cardiometabolic,0.00540591071975614,*
p130814,Model2,Prevalent,Acceleration,0.972120530556065,0.957300914841604,0.98716695516617,0.000308639816780372,8378,52242,Disorders of lipoprotein metabolism,2. Cardiometabolic,0.00617279633560743,*
p130814,Model1,Incident,Acceleration,0.970019998625069,0.953473383506353,0.98685376436238,0.000525370832767581,5126,43360,Disorders of lipoprotein metabolism,2. Cardiometabolic,0.00927124999001613,*
p130814,Model2,Incident,Acceleration,0.97286662859321,0.956327229578773,0.989692071663801,0.00166472153222384,5126,43360,Disorders of lipoprotein metabolism,2. Cardiometabolic,0.0249708229833576,*
p131848,Model1,Prevalent,Acceleration,1.14907345060291,0.963311178945627,1.37158705562139,0.12325346973351,50,52242,Rheumatoid arthritis,3. Immune,0.397591837850033,""
p131848,Model2,Prevalent,Acceleration,1.14035939930499,0.950204054952125,1.36930485371145,0.158863807890701,50,52242,Rheumatoid arthritis,3. Immune,0.4444853624592,""
p131848,Model1,Incident,Acceleration,0.952918339536996,0.843542387606485,1.07647626861112,0.438174488200711,108,52063,Rheumatoid arthritis,3. Immune,0.738496328428164,""
p131848,Model2,Incident,Acceleration,0.94768186174346,0.838212419994747,1.07144786888648,0.390873279118423,108,52063,Rheumatoid arthritis,3. Immune,0.696113396046103,""
p131494,Model1,Prevalent,Acceleration,1.02360955912564,1.00690334079074,1.04060293513377,0.00545913967330667,6261,52242,Asthma,3. Immune,0.0586549571434925,""
p131494,Model2,Prevalent,Acceleration,1.02113810745056,1.00440809438557,1.03815557900114,0.013092965212817,6261,52242,Asthma,3. Immune,0.103365514838029,""
p131494,Model1,Incident,Acceleration,1.01918779876773,0.986907210107643,1.0525242479926,0.247110398048814,1467,45781,Asthma,3. Immune,0.545096466284149,""
p131494,Model2,Incident,Acceleration,1.01826849863021,0.986118840956145,1.05146630633005,0.268730057067262,1467,45781,Asthma,3. Immune,0.571766078866515,""
p131626,Model1,Prevalent,Acceleration,1.05895285243449,0.979456917119633,1.14509245189331,0.150709300500202,246,52242,Crohns's disease,3. Immune,0.443776458346548,""
p131626,Model2,Prevalent,Acceleration,1.05886949447869,0.979434665139627,1.14490148550128,0.150883995837826,246,52242,Crohns's disease,3. Immune,0.443776458346548,""
p131626,Model1,Incident,Acceleration,1.02066600924384,0.920874641493888,1.13127135386826,0.696781255525222,144,51865,Crohns's disease,3. Immune,0.863778415940357,""
p131626,Model2,Incident,Acceleration,0.995335930328645,0.897353517719157,1.10401708428277,0.929544453815412,144,51865,Crohns's disease,3. Immune,0.985382813231886,""
p131628,Model1,Prevalent,Acceleration,1.02063332991154,0.964011748769245,1.08069089773493,0.483488324555765,471,52242,Ulcerative colitis,3. Immune,0.77564971853866,""
p131628,Model2,Prevalent,Acceleration,1.01202438817417,0.955392624234902,1.07210692351781,0.684370250489824,471,52242,Ulcerative colitis,3. Immune,0.855462813112279,""
p131628,Model1,Incident,Acceleration,0.943785873612131,0.871120837322902,1.02251230491418,0.156966863302216,234,51628,Ulcerative colitis,3. Immune,0.4444853624592,""
p131628,Model2,Incident,Acceleration,0.942317508038513,0.869621297626915,1.02109077638628,0.146937343560954,234,51628,Ulcerative colitis,3. Immune,0.443776458346548,""
p131742,Model1,Prevalent,Acceleration,1.01078232721346,0.975723973930891,1.04714115986002,0.551750999281364,1234,52242,Psoriasis,3. Immune,0.800823381820235,""
p131742,Model2,Prevalent,Acceleration,1.0083215366301,0.973365436458632,1.04456571424129,0.645406481992602,1234,52242,Psoriasis,3. Immune,0.842508746746256,""
p131742,Model1,Incident,Acceleration,0.975274516661795,0.921713270426621,1.0319482352789,0.384992969129414,467,50835,Psoriasis,3. Immune,0.696113396046103,""
p131742,Model2,Incident,Acceleration,0.975462362781774,0.922115052549467,1.03189598583497,0.386611497037549,467,50835,Psoriasis,3. Immune,0.696113396046103,""
date_breast,Model1,Prevalent,Acceleration,0.9884999500099,0.94512763106992,1.03392503134207,0.613606777759368,858,28207,Breast cancer,4. Cancer,0.818142370345824,""
date_breast,Model2,Prevalent,Acceleration,0.985370309498875,0.941945417504362,1.03084839476891,0.52180530504218,858,28207,Breast cancer,4. Cancer,0.778813888122657,""
date_breast,Model1,Incident,Acceleration,1.05704390847816,1.01303971140391,1.10295955022564,0.0105538482879214,911,27238,Breast cancer,4. Cancer,0.0958356683639246,""
date_breast,Model2,Incident,Acceleration,1.05593815486657,1.01187249098241,1.10192281818086,0.0123271471978834,911,27238,Breast cancer,4. Cancer,0.0999498421450002,""
date_lung,Model1,Prevalent,Acceleration,1.17268336332151,0.974788788178423,1.41181864519275,0.0918794708324701,44,52242,Lung cancer,4. Cancer,0.337186146832527,""
date_lung,Model2,Prevalent,Acceleration,1.16580205480227,0.968457655827746,1.4043560224526,0.105631846743531,44,52242,Lung cancer,4. Cancer,0.364247747391487,""
date_lung,Model1,Incident,Acceleration,1.04899379203401,0.991739648519052,1.10955327577058,0.0948583628614351,509,52056,Lung cancer,4. Cancer,0.338779867362268,""
date_lung,Model2,Incident,Acceleration,1.06470442754001,1.00808570380366,1.12450311887776,0.0245242968716556,509,52056,Lung cancer,4. Cancer,0.153276855447848,""
date_melanoma,Model1,Prevalent,Acceleration,1.00782702384597,0.922114276802769,1.101836593014,0.863733368185795,196,52242,Melanoma,4. Cancer,0.940948706394672,""
date_melanoma,Model2,Prevalent,Acceleration,1.00287386765075,0.916662738298574,1.09746141676054,0.950174592810014,196,52242,Melanoma,4. Cancer,0.993213860080154,""
date_melanoma,Model1,Incident,Acceleration,0.985773797130412,0.922459272506718,1.05343401933426,0.672264705155351,349,51900,Melanoma,4. Cancer,0.851766782291172,""
date_melanoma,Model2,Incident,Acceleration,0.985879014146562,0.922551737377919,1.05355330346794,0.674595317994617,349,51900,Melanoma,4. Cancer,0.851766782291172,""
p130896,Model3,Prevalent,Dysregulation,1.13362452880042,0.993067140559677,1.28707340698655,0.0578217276450573,288,52242,Recurrent depression,1. Neuro-psychiatric,0.266869512207957,""
p130896,Model3,Incident,Dysregulation,1.23083826178686,1.0151646268771,1.49233216620137,0.0345930192278857,116,51806,Recurrent depression,1. Neuro-psychiatric,0.195809542799353,""
p130894,Model3,Prevalent,Dysregulation,1.07612349575806,1.03715668692396,1.11620067414442,9.00711956724398e-05,4542,52242,Depressive episode,1. Neuro-psychiatric,0.00337766983771649,*
p130894,Model3,Incident,Dysregulation,1.06406675394391,1.01186365315356,1.11896306712868,0.0155428379538492,2250,47467,Depressive episode,1. Neuro-psychiatric,0.111020271098923,""
p130892,Model3,Prevalent,Dysregulation,1.25734752418813,1.08471957517681,1.44921571003442,0.0019241940520525,211,52242,Bipolar disorder,1. Neuro-psychiatric,0.027194842256388,*
p130892,Model3,Incident,Dysregulation,1.0332463029497,0.778914593875629,1.37062257011672,0.820531645244546,82,51900,Bipolar disorder,1. Neuro-psychiatric,0.928903749333449,""
p130906,Model3,Prevalent,Dysregulation,1.02176266446615,0.967270771143926,1.07838545321862,0.437645000402009,2058,52242,Anxiety,1. Neuro-psychiatric,0.738496328428164,""
p130906,Model3,Incident,Dysregulation,1.01745861128865,0.96944688450756,1.06784811239171,0.4828079651576,2461,49960,Anxiety,1. Neuro-psychiatric,0.77564971853866,""
p131060,Model3,Prevalent,Dysregulation,1.06816225348994,0.995278801762133,1.14468079491881,0.0645248727067819,1077,52242,Sleep - G47,1. Neuro-psychiatric,0.284668556059332,""
p131060,Model3,Incident,Dysregulation,1.04490667585114,0.976866342885896,1.11768612890556,0.201014546796535,1208,50920,Sleep - G47,1. Neuro-psychiatric,0.489563067515944,""
p131052,Model3,Prevalent,Dysregulation,1.02557453892594,0.97287898654884,1.08029120342329,0.34449197112983,2304,52242,Migraine,1. Neuro-psychiatric,0.654098679360438,""
p131052,Model3,Incident,Dysregulation,0.987153837626479,0.893766032992998,1.09029954503576,0.798732731102323,608,49763,Migraine,1. Neuro-psychiatric,0.928758989653864,""
p131048,Model3,Prevalent,Dysregulation,1.03633978543487,0.942111899287689,1.13694972421936,0.45650744873336,640,52242,Epilepsy,1. Neuro-psychiatric,0.756642180221039,""
p131048,Model3,Incident,Dysregulation,1.14387629066463,1.02089156063144,1.28167674100016,0.0205452986078993,394,51458,Epilepsy,1. Neuro-psychiatric,0.131255245773553,""
p130842,Model3,Prevalent,Dysregulation,0.918273459236009,0.597562393259469,1.34418395283052,0.6785742032253,41,52242,Dementia,1. Neuro-psychiatric,0.851766782291172,""
p130842,Model3,Incident,Dysregulation,1.14536430566192,1.05091892207268,1.24829743297142,0.00199428843213512,765,52066,Dementia,1. Neuro-psychiatric,0.027194842256388,*
p130836,Model3,Prevalent,Dysregulation,3.53962837553354,2.26753878007629e-15,6.049731274959e+19,0.99908843385577,1,52242,Alzheimer's disease (dementia),1. Neuro-psychiatric,0.99908843385577,""
p130836,Model3,Incident,Dysregulation,1.0472065853081,0.93861902523358,1.16835649270986,0.408897338591489,500,52110,Alzheimer's disease (dementia),1. Neuro-psychiatric,0.713193032427016,""
p131022,Model3,Prevalent,Dysregulation,0.984576328260157,0.802967916074699,1.19274129268022,0.877470907820273,153,52242,Parksinson's disease,1. Neuro-psychiatric,0.942623884312531,""
p131022,Model3,Incident,Dysregulation,1.04762276404276,0.925702013264933,1.1856012410189,0.461131650006751,745,51921,Parksinson's disease,1. Neuro-psychiatric,0.760107115395744,""
p131286,Model3,Prevalent,Dysregulation,1.02383266008853,0.998290192184815,1.04997109165371,0.0673557689503646,14760,52242,Hypertension,2. Cardiometabolic,0.287826192364314,""
p131286,Model3,Incident,Dysregulation,1.02146964492453,0.991998639070893,1.05181619652171,0.154987015111057,6681,36967,Hypertension,2. Cardiometabolic,0.4444853624592,""
p131298,Model3,Prevalent,Dysregulation,0.943200422849361,0.880412858705333,1.00909431784044,0.0928287489504355,1393,52242,Acute Myocardial Infarction,2. Cardiometabolic,0.337186146832527,""
p131298,Model3,Incident,Dysregulation,0.991027344487655,0.929892148045076,1.05618183741739,0.781443801081032,1388,50666,Acute Myocardial Infarction,2. Cardiometabolic,0.922965119387046,""
p131380,Model3,Prevalent,Dysregulation,1.29975815953887,1.01589698564561,1.63738630953784,0.0308777110546142,97,52242,Atherosclerosis,2. Cardiometabolic,0.182386122660056,""
p131380,Model3,Incident,Dysregulation,0.990133560405984,0.875087174297891,1.12030492073982,0.874977941664453,383,52007,Atherosclerosis,2. Cardiometabolic,0.942623884312531,""
p131306,Model3,Prevalent,Dysregulation,0.958026894660312,0.902699663047707,1.01579155188356,0.154362871043314,1949,52242,Chronic ischaemic heart disease,2. Cardiometabolic,0.4444853624592,""
p131306,Model3,Incident,Dysregulation,1.02077208696773,0.983182246896173,1.0597990930185,0.282835646144132,4024,49946,Chronic ischaemic heart disease,2. Cardiometabolic,0.57935921220836,""
p130708,Model3,Prevalent,Dysregulation,1.0254912595895,0.960990203691241,1.0933648957351,0.444425636127054,1591,52242,Type 2 Diabetes,2. Cardiometabolic,0.744847434849811,""
p130708,Model3,Incident,Dysregulation,1.04000927432561,0.999365457033484,1.08230606038152,0.0537611272266839,3306,50331,Type 2 Diabetes,2. Cardiometabolic,0.256005367746114,""
p130792,Model3,Prevalent,Dysregulation,0.96532112963006,0.904438153816579,1.02909895264252,0.283886013982097,1562,52242,Obesity,2. Cardiometabolic,0.57935921220836,""
p130792,Model3,Incident,Dysregulation,1.02742810218454,0.988789110597566,1.06757699275285,0.166507624040478,3854,50350,Obesity,2. Cardiometabolic,0.448225710603285,""
p130814,Model3,Prevalent,Dysregulation,0.991544381778933,0.961402438252923,1.02246453666846,0.588790814222241,8378,52242,Disorders of lipoprotein metabolism,2. Cardiometabolic,0.817043396230965,""
p130814,Model3,Incident,Dysregulation,0.978185044143613,0.945138915361312,1.01238660797334,0.208431995744323,5126,43360,Disorders of lipoprotein metabolism,2. Cardiometabolic,0.489563067515944,""
p131848,Model3,Prevalent,Dysregulation,1.11616917246784,0.795677234844019,1.52103976159502,0.503607545593253,50,52242,Rheumatoid arthritis,3. Immune,0.778813888122657,""
p131848,Model3,Incident,Dysregulation,1.13875974765746,0.915766047088679,1.41605355102155,0.242565901061548,108,52063,Rheumatoid arthritis,3. Immune,0.540028884366853,""
p131494,Model3,Prevalent,Dysregulation,1.00336383242442,0.971302319182198,1.03622747474391,0.838776730611041,6261,52242,Asthma,3. Immune,0.938929176057135,""
p131494,Model3,Incident,Dysregulation,0.998271238019044,0.937901535972492,1.06252674340999,0.956644976780714,1467,45781,Asthma,3. Immune,0.996505184146577,""
p131626,Model3,Prevalent,Dysregulation,0.959857055825709,0.824596858751278,1.10912404685453,0.587636733525331,246,52242,Crohns's disease,3. Immune,0.817043396230965,""
p131626,Model3,Incident,Dysregulation,1.03819009778066,0.856869883334981,1.25787905502621,0.701946979572382,144,51865,Crohns's disease,3. Immune,0.86660120934862,""
p131628,Model3,Prevalent,Dysregulation,0.964915938752023,0.860411826683432,1.0777204398551,0.533984041119795,471,52242,Ulcerative colitis,3. Immune,0.782628409549507,""
p131628,Model3,Incident,Dysregulation,1.05316731064667,0.90844669801747,1.22094272193988,0.492180254342308,234,51628,Ulcerative colitis,3. Immune,0.77699250384521,""
p131742,Model3,Prevalent,Dysregulation,1.01242622550768,0.944291040006164,1.08388387117343,0.725451527238717,1234,52242,Psoriasis,3. Immune,0.888307992537204,""
p131742,Model3,Incident,Dysregulation,1.02423167043807,0.918345289356001,1.14232688607137,0.667173330699411,467,50835,Psoriasis,3. Immune,0.851766782291172,""
date_breast,Model3,Prevalent,Dysregulation,1.02401399615386,0.938411933684157,1.1150908656761,0.589612466693641,858,28207,Breast cancer,4. Cancer,0.817043396230965,""
date_breast,Model3,Incident,Dysregulation,0.884024293891349,0.808557192016088,0.966535156581167,0.00677748981742892,911,27238,Breast cancer,4. Cancer,0.0701119636285751,""
date_lung,Model3,Prevalent,Dysregulation,0.839463554353712,0.572348556829305,1.1823868556558,0.342022643436298,44,52242,Lung cancer,4. Cancer,0.653546452426047,""
date_lung,Model3,Incident,Dysregulation,0.984744821177923,0.885428641926447,1.09520103249302,0.776858950508071,509,52056,Lung cancer,4. Cancer,0.921176621155815,""
date_melanoma,Model3,Prevalent,Dysregulation,0.855556777983643,0.702558485805778,1.02967839149088,0.109326565073183,196,52242,Melanoma,4. Cancer,0.37062608406019,""
date_melanoma,Model3,Incident,Dysregulation,0.907220285109726,0.786995413613015,1.04581123533623,0.179461259555325,349,51900,Melanoma,4. Cancer,0.464123947125841,""
p130896,Model3,Prevalent,Acceleration,1.01973260898471,0.938358154105427,1.10862137733061,0.645923372505463,288,52242,Recurrent depression,1. Neuro-psychiatric,0.842508746746256,""
p130896,Model3,Incident,Acceleration,1.08394183628141,0.950272878489258,1.2364131725079,0.229994750721556,116,51806,Recurrent depression,1. Neuro-psychiatric,0.526705536003564,""
p130894,Model3,Prevalent,Acceleration,0.994267027892578,0.971893318929257,1.017170639787,0.620611075574569,4542,52242,Depressive episode,1. Neuro-psychiatric,0.820190848776963,""
p130894,Model3,Incident,Acceleration,1.00678731527273,0.975721890417055,1.0388418135836,0.672289276935432,2250,47467,Depressive episode,1. Neuro-psychiatric,0.851766782291172,""
p130892,Model3,Prevalent,Acceleration,0.951062520905797,0.864032587452604,1.04720939329917,0.306174305790531,211,52242,Bipolar disorder,1. Neuro-psychiatric,0.612348611581062,""
p130892,Model3,Incident,Acceleration,0.967898227535155,0.813990106963852,1.15090708210204,0.711923690939968,82,51900,Bipolar disorder,1. Neuro-psychiatric,0.87531601345078,""
p130906,Model3,Prevalent,Acceleration,0.985276646212482,0.953160918014182,1.01851070254538,0.380575725144614,2058,52242,Anxiety,1. Neuro-psychiatric,0.696113396046103,""
p130906,Model3,Incident,Acceleration,1.03721171893283,1.00703959989719,1.06828783098642,0.015278938795152,2461,49960,Anxiety,1. Neuro-psychiatric,0.111020271098923,""
p131060,Model3,Prevalent,Acceleration,1.01842924026003,0.974999462491765,1.06387495534684,0.411862893480509,1077,52242,Sleep - G47,1. Neuro-psychiatric,0.714213110081808,""
p131060,Model3,Incident,Acceleration,1.00497921348721,0.964127991138567,1.04756134955551,0.81453018005573,1208,50920,Sleep - G47,1. Neuro-psychiatric,0.928903749333449,""
p131052,Model3,Prevalent,Acceleration,0.990735676836525,0.959605846194407,1.02290297088348,0.567870784210768,2304,52242,Migraine,1. Neuro-psychiatric,0.807399219257016,""
p131052,Model3,Incident,Acceleration,1.02100101762672,0.961877130379126,1.08375908426467,0.494685227448117,608,49763,Migraine,1. Neuro-psychiatric,0.77699250384521,""
p131048,Model3,Prevalent,Acceleration,0.971866801027822,0.917160234056727,1.02987533805231,0.33446560938275,640,52242,Epilepsy,1. Neuro-psychiatric,0.643203094966828,""
p131048,Model3,Incident,Acceleration,0.941583636039528,0.875554602243649,1.0125921802998,0.104668621068272,394,51458,Epilepsy,1. Neuro-psychiatric,0.364247747391487,""
p130842,Model3,Prevalent,Acceleration,0.828174788589215,0.656992203863619,1.04365381154654,0.109952404937856,41,52242,Dementia,1. Neuro-psychiatric,0.37062608406019,""
p130842,Model3,Incident,Acceleration,1.02162189331856,0.96605932875883,1.08038011935431,0.453412296645492,765,52066,Dementia,1. Neuro-psychiatric,0.755687161075821,""
p130836,Model3,Prevalent,Acceleration,4.93237943213485,2.57447983792411e-08,2904268113.03829,0.998086379094268,1,52242,Alzheimer's disease (dementia),1. Neuro-psychiatric,0.99908843385577,""
p130836,Model3,Incident,Acceleration,1.05203128910135,0.982873017281289,1.1260557709781,0.143734762410673,500,52110,Alzheimer's disease (dementia),1. Neuro-psychiatric,0.44000437472655,""
p131022,Model3,Prevalent,Acceleration,0.943402073919931,0.838646089098146,1.0617958128695,0.332908276052466,153,52242,Parksinson's disease,1. Neuro-psychiatric,0.643203094966828,""
p131022,Model3,Incident,Acceleration,1.03392723248025,0.957588679694164,1.11635146147059,0.393899582681529,745,51921,Parksinson's disease,1. Neuro-psychiatric,0.696113396046103,""
p131286,Model3,Prevalent,Acceleration,0.990508590004788,0.975471993895308,1.00577680037164,0.221717312701644,14760,52242,Hypertension,2. Cardiometabolic,0.511655337003794,""
p131286,Model3,Incident,Acceleration,0.99849019149562,0.980747469382786,1.01655389754958,0.86880930557108,6681,36967,Hypertension,2. Cardiometabolic,0.940948706394672,""
p131298,Model3,Prevalent,Acceleration,1.00508969101647,0.965253810294436,1.04664092880543,0.805790213143692,1393,52242,Acute Myocardial Infarction,2. Cardiometabolic,0.928903749333449,""
p131298,Model3,Incident,Acceleration,0.988883510703709,0.951771150376279,1.02744299126433,0.566793833732897,1388,50666,Acute Myocardial Infarction,2. Cardiometabolic,0.807399219257016,""
p131380,Model3,Prevalent,Acceleration,0.888493407706892,0.756457576602499,1.04386749351751,0.149849989921662,97,52242,Atherosclerosis,2. Cardiometabolic,0.443776458346548,""
p131380,Model3,Incident,Acceleration,0.948054128128145,0.879947780239965,1.02143178270841,0.160779298354685,383,52007,Atherosclerosis,2. Cardiometabolic,0.4444853624592,""
p131306,Model3,Prevalent,Acceleration,0.947769687886894,0.914955380691137,0.981775143998662,0.00284945715224061,1949,52242,Chronic ischaemic heart disease,2. Cardiometabolic,0.0371668324205297,*
p131306,Model3,Incident,Acceleration,0.997252732626802,0.97465763385928,1.02037164454735,0.813997650016935,4024,49946,Chronic ischaemic heart disease,2. Cardiometabolic,0.928903749333449,""
p130708,Model3,Prevalent,Acceleration,0.966483978085775,0.928759389413921,1.00574404909281,0.0932881672903325,1591,52242,Type 2 Diabetes,2. Cardiometabolic,0.337186146832527,""
p130708,Model3,Incident,Acceleration,0.982886443532472,0.958961811347067,1.0074079587412,0.169773174045863,3306,50331,Type 2 Diabetes,2. Cardiometabolic,0.450725240829724,""
p130792,Model3,Prevalent,Acceleration,1.02071653349022,0.982096166549883,1.06090589738378,0.29769756074013,1562,52242,Obesity,2. Cardiometabolic,0.603441001500264,""
p130792,Model3,Incident,Acceleration,1.01037558592534,0.986779361731582,1.03453605154712,0.391929475674997,3854,50350,Obesity,2. Cardiometabolic,0.696113396046103,""
p130814,Model3,Prevalent,Acceleration,0.977774905411609,0.959742246712088,0.996145387759208,0.0179484394939737,8378,52242,Disorders of lipoprotein metabolism,2. Cardiometabolic,0.119656263293158,""
p130814,Model3,Incident,Acceleration,0.969463922156861,0.949772792760935,0.98956329716673,0.00305608898649181,5126,43360,Disorders of lipoprotein metabolism,2. Cardiometabolic,0.0382011123311477,*
p131848,Model3,Prevalent,Acceleration,1.10632396064838,0.894431807691045,1.37336259428074,0.354999475437586,50,52242,Rheumatoid arthritis,3. Immune,0.665624016445474,""
p131848,Model3,Incident,Acceleration,0.9834966586976,0.853374074622726,1.13346035042952,0.818228117699856,108,52063,Rheumatoid arthritis,3. Immune,0.928903749333449,""
p131494,Model3,Prevalent,Acceleration,1.01765573980481,0.997949043810765,1.03776692772568,0.0795023779581366,6261,52242,Asthma,3. Immune,0.305778376762064,""
p131494,Model3,Incident,Acceleration,1.03327394021026,0.995039581751777,1.07297745245271,0.0888542255178228,1467,45781,Asthma,3. Immune,0.337186146832527,""
p131626,Model3,Prevalent,Acceleration,1.09735016767776,1.00378313394337,1.20015783476102,0.0415168067445122,246,52242,Crohns's disease,3. Immune,0.221323802644748,""
p131626,Model3,Incident,Acceleration,1.01930464931533,0.905316504484122,1.14764500919807,0.751996262946186,144,51865,Crohns's disease,3. Immune,0.906019593911068,""
p131628,Model3,Prevalent,Acceleration,1.0453612844767,0.977592463448168,1.11800398079918,0.195037164692819,471,52242,Ulcerative colitis,3. Immune,0.489563067515944,""
p131628,Model3,Incident,Acceleration,0.936842947364855,0.855071900163625,1.02643380967065,0.161496348360176,234,51628,Ulcerative colitis,3. Immune,0.4444853624592,""
p131742,Model3,Prevalent,Acceleration,1.02554251810133,0.983486484618414,1.06948152318148,0.238202040885781,1234,52242,Psoriasis,3. Immune,0.538373432599243,""
p131742,Model3,Incident,Acceleration,1.00622622118161,0.94107025019536,1.07589333313133,0.855800136459915,467,50835,Psoriasis,3. Immune,0.940948706394672,""
date_breast,Model3,Prevalent,Acceleration,0.982701188551865,0.931787423825736,1.03646622363464,0.520524072663196,858,28207,Breast cancer,4. Cancer,0.778813888122657,""
date_breast,Model3,Incident,Acceleration,1.06761461856109,1.01438748336553,1.12363469823555,0.0121615460508126,911,27238,Breast cancer,4. Cancer,0.0999498421450002,""
date_lung,Model3,Prevalent,Acceleration,1.23694537507639,1.00848305248721,1.52062078905415,0.0420515225025022,44,52242,Lung cancer,4. Cancer,0.221323802644748,""
date_lung,Model3,Incident,Acceleration,1.05913401870141,0.993351237929845,1.12927313797724,0.0790781638999515,509,52056,Lung cancer,4. Cancer,0.305778376762064,""
date_melanoma,Model3,Prevalent,Acceleration,0.97252470960139,0.874057376706525,1.08268629384565,0.609895812009377,196,52242,Melanoma,4. Cancer,0.818142370345824,""
date_melanoma,Model3,Incident,Acceleration,0.986519657282838,0.909126276310547,1.07050149089851,0.744732482064245,349,51900,Melanoma,4. Cancer,0.906019593911068,""
